"2021-02-25 09:05:06","start","step1c",1,1289699,3,"/xmodal/step1c/pages/00001.php",\N,\N
"2021-02-25 09:05:20","save_next","step1c",1,1289699,3,"/xmodal/step1c/pages/00001.php","1.4.1",30
"2021-02-25 09:05:20","start","step1c",2,177599,3,"/xmodal/step1c/pages/00002.php",\N,\N
"2021-02-25 09:05:32","save_next","step1c",2,177599,3,"/xmodal/step1c/pages/00002.php","1.4.3",20
"2021-02-25 09:05:32","start","step1c",3,1728117,3,"/xmodal/step1c/pages/00003.php",\N,\N
"2021-02-25 09:05:42","save_next","step1c",3,1728117,3,"/xmodal/step1c/pages/00003.php","1.10.4.1",20
"2021-02-25 09:05:42","start","step1c",4,9878,3,"/xmodal/step1c/pages/00004.php",\N,\N
"2021-02-25 09:05:51","save_next","step1c",4,9878,3,"/xmodal/step1c/pages/00004.php","1.10.1",30
"2021-02-25 09:05:51","start","step1c",5,34961,3,"/xmodal/step1c/pages/00005.php",\N,\N
"2021-02-25 09:06:06","save_next","step1c",5,34961,3,"/xmodal/step1c/pages/00005.php","1.7.21.5",20
"2021-02-25 09:06:06","start","step1c",6,268897,3,"/xmodal/step1c/pages/00006.php",\N,\N
"2021-02-25 09:06:13","save_next","step1c",6,268897,3,"/xmodal/step1c/pages/00006.php","1.6.6.6",20
"2021-02-25 09:06:13","start","step1c",7,633101,3,"/xmodal/step1c/pages/00007.php",\N,\N
"2021-02-25 09:06:27","save_next","step1c",7,633101,3,"/xmodal/step1c/pages/00007.php","1.7.22.1",30
"2021-02-25 09:06:27","start","step1c",8,2361767,3,"/xmodal/step1c/pages/00008.php",\N,\N
"2021-02-25 09:06:36","save_stop","step1c",8,2361767,3,"/xmodal/step1c/pages/00008.php","1.7.19.0",20
"2021-02-25 09:07:01","start","step1c",9,2644184,3,"/xmodal/step1c/pages/00009.php",\N,\N
"2021-02-25 09:07:21","save_next","step1c",9,2644184,3,"/xmodal/step1c/pages/00009.php","1.6.4.2",30
"2021-02-25 09:07:21","start","step1c",10,83521,3,"/xmodal/step1c/pages/00010.php",\N,\N
"2021-02-25 09:07:37","save_stop","step1c",10,83521,3,"/xmodal/step1c/pages/00010.php","1.5.1.3",20
"2021-02-25 15:21:11","start","step1c",11,3749410,3,"/xmodal/step1c/pages/00011.php",\N,\N
"2021-02-25 15:21:28","save_next","step1c",11,3749410,3,"/xmodal/step1c/pages/00011.php","1.9.1.0",20
"2021-02-25 15:21:28","start","step1c",12,2863032,3,"/xmodal/step1c/pages/00012.php",\N,\N
"2021-02-25 15:21:51","save_next","step1c",12,2863032,3,"/xmodal/step1c/pages/00012.php","1.7.20.0",30
"2021-02-25 15:21:51","start","step1c",13,1760294,3,"/xmodal/step1c/pages/00013.php",\N,\N
"2021-02-25 15:21:59","save_next","step1c",13,1760294,3,"/xmodal/step1c/pages/00013.php","1.7.9",20
"2021-02-25 15:21:59","start","step1c",14,1526468,3,"/xmodal/step1c/pages/00014.php",\N,\N
"2021-02-25 15:22:21","save_next","step1c",14,1526468,3,"/xmodal/step1c/pages/00014.php","1.5.2.1",20
"2021-02-25 15:22:21","start","step1c",15,3473408,3,"/xmodal/step1c/pages/00015.php",\N,\N
"2021-02-25 15:22:36","save_next","step1c",15,3473408,3,"/xmodal/step1c/pages/00015.php","1.9.3.0",20
"2021-02-25 15:22:36","start","step1c",16,3868,3,"/xmodal/step1c/pages/00016.php",\N,\N
"2021-02-25 15:23:05","save_next","step1c",16,3868,3,"/xmodal/step1c/pages/00016.php","1.7.19.5",30
"2021-02-25 15:23:05","start","step1c",17,1574521,3,"/xmodal/step1c/pages/00017.php",\N,\N
"2021-02-25 15:23:15","save_next","step1c",17,1574521,3,"/xmodal/step1c/pages/00017.php","1.9.1.0",20
"2021-02-25 15:23:15","start","step1c",18,66374,3,"/xmodal/step1c/pages/00018.php",\N,\N
"2021-02-25 15:23:37","start","step1c",17,1574521,3,"/xmodal/step1c/pages/00017.php",\N,\N
"2021-02-25 15:23:38","start","step1c",16,3868,3,"/xmodal/step1c/pages/00016.php",\N,\N
"2021-02-25 15:23:41","start","step1c",17,1574521,3,"/xmodal/step1c/pages/00017.php",\N,\N
"2021-02-25 15:23:48","save_next","step1c",17,1574521,3,"/xmodal/step1c/pages/00017.php","1.9.1.0",20
"2021-02-25 15:23:48","start","step1c",18,66374,3,"/xmodal/step1c/pages/00018.php",\N,\N
"2021-02-25 15:23:54","save_next","step1c",18,66374,3,"/xmodal/step1c/pages/00018.php","1.7.19.5",30
"2021-02-25 15:23:55","start","step1c",19,49963,3,"/xmodal/step1c/pages/00019.php",\N,\N
"2021-02-25 15:24:04","save_next","step1c",19,49963,3,"/xmodal/step1c/pages/00019.php","1.7.24.0",30
"2021-02-25 15:24:04","start","step1c",20,726401,3,"/xmodal/step1c/pages/00020.php",\N,\N
"2021-02-25 15:24:16","save_next","step1c",20,726401,3,"/xmodal/step1c/pages/00020.php","1.2",20
"2021-02-25 15:24:16","start","step1c",21,1129625,3,"/xmodal/step1c/pages/00021.php",\N,\N
"2021-02-25 15:24:25","save_next","step1c",21,1129625,3,"/xmodal/step1c/pages/00021.php","1.7.21.1",20
"2021-02-25 15:24:25","start","step1c",22,48683,3,"/xmodal/step1c/pages/00022.php",\N,\N
"2021-02-25 15:24:36","save_next","step1c",22,48683,3,"/xmodal/step1c/pages/00022.php","1.7.4",20
"2021-02-25 15:24:36","start","step1c",23,339792,3,"/xmodal/step1c/pages/00023.php",\N,\N
"2021-02-25 15:24:48","save_next","step1c",23,339792,3,"/xmodal/step1c/pages/00023.php","1.5.2.1",20
"2021-02-25 15:24:48","start","step1c",24,206028,3,"/xmodal/step1c/pages/00024.php",\N,\N
"2021-02-25 15:24:54","start","step1c",23,339792,3,"/xmodal/step1c/pages/00023.php",\N,\N
"2021-02-25 15:25:11","save_next","step1c",23,339792,3,"/xmodal/step1c/pages/00023.php","1.5.2.0",20
"2021-02-25 15:25:11","start","step1c",24,206028,3,"/xmodal/step1c/pages/00024.php",\N,\N
"2021-02-25 15:25:21","save_next","step1c",24,206028,3,"/xmodal/step1c/pages/00024.php","1.7.2",20
"2021-02-25 15:25:21","start","step1c",25,84171,3,"/xmodal/step1c/pages/00025.php",\N,\N
"2021-02-25 15:25:30","save_next","step1c",25,84171,3,"/xmodal/step1c/pages/00025.php","1.10.4.3",20
"2021-02-25 15:25:30","start","step1c",26,330664,3,"/xmodal/step1c/pages/00026.php",\N,\N
"2021-02-25 15:25:46","save_next","step1c",26,330664,3,"/xmodal/step1c/pages/00026.php","1.6.4.4",20
"2021-02-25 15:25:46","start","step1c",27,2084777,3,"/xmodal/step1c/pages/00027.php",\N,\N
"2021-02-25 15:26:10","save_next","step1c",27,2084777,3,"/xmodal/step1c/pages/00027.php","1.6.4.0",20
"2021-02-25 15:26:10","start","step1c",28,882315,3,"/xmodal/step1c/pages/00028.php",\N,\N
"2021-02-25 15:26:22","save_next","step1c",28,882315,3,"/xmodal/step1c/pages/00028.php","0",30
"2021-02-25 15:26:22","start","step1c",29,303258,3,"/xmodal/step1c/pages/00029.php",\N,\N
"2021-02-25 15:26:31","save_next","step1c",29,303258,3,"/xmodal/step1c/pages/00029.php","1.7.16",20
"2021-02-25 15:26:31","start","step1c",30,3300573,3,"/xmodal/step1c/pages/00030.php",\N,\N
"2021-02-25 15:26:46","save_next","step1c",30,3300573,3,"/xmodal/step1c/pages/00030.php","1.4.7.0",30
"2021-02-25 15:26:46","start","step1c",31,27517,3,"/xmodal/step1c/pages/00031.php",\N,\N
"2021-02-25 15:27:17","save_next","step1c",31,27517,3,"/xmodal/step1c/pages/00031.php","1.7.21.2",20
"2021-02-25 15:27:17","start","step1c",32,656583,3,"/xmodal/step1c/pages/00032.php",\N,\N
"2021-02-25 15:27:25","save_next","step1c",32,656583,3,"/xmodal/step1c/pages/00032.php","1.10.4.4",20
"2021-02-25 15:27:25","start","step1c",33,1201201,3,"/xmodal/step1c/pages/00033.php",\N,\N
"2021-02-25 15:27:40","save_next","step1c",33,1201201,3,"/xmodal/step1c/pages/00033.php","1.7.19.3",30
"2021-02-25 15:27:41","start","step1c",34,3495237,3,"/xmodal/step1c/pages/00034.php",\N,\N
"2021-02-25 15:27:50","save_next","step1c",34,3495237,3,"/xmodal/step1c/pages/00034.php","1.7.17.0",20
"2021-02-25 15:27:50","start","step1c",35,3477098,3,"/xmodal/step1c/pages/00035.php",\N,\N
"2021-02-25 15:27:58","save_next","step1c",35,3477098,3,"/xmodal/step1c/pages/00035.php","1.7.17.1",20
"2021-02-25 15:27:58","start","step1c",36,129146,3,"/xmodal/step1c/pages/00036.php",\N,\N
"2021-02-25 15:28:15","save_next","step1c",36,129146,3,"/xmodal/step1c/pages/00036.php","1.9.1.2",20
"2021-02-25 15:28:15","start","step1c",37,313101,3,"/xmodal/step1c/pages/00037.php",\N,\N
"2021-02-25 15:28:38","save_next","step1c",37,313101,3,"/xmodal/step1c/pages/00037.php","1.4.3",20
"2021-02-25 15:28:38","start","step1c",38,637009,3,"/xmodal/step1c/pages/00038.php",\N,\N
"2021-02-25 15:29:00","save_next","step1c",38,637009,3,"/xmodal/step1c/pages/00038.php","1.7.21.1",30
"2021-02-25 15:29:00","start","step1c",39,16740,3,"/xmodal/step1c/pages/00039.php",\N,\N
"2021-02-25 15:29:29","save_next","step1c",39,16740,3,"/xmodal/step1c/pages/00039.php","1.5.5.1",30
"2021-02-25 15:29:30","start","step1c",40,1609418,3,"/xmodal/step1c/pages/00040.php",\N,\N
"2021-02-25 15:29:38","save_next","step1c",40,1609418,3,"/xmodal/step1c/pages/00040.php","1.4.7.4",20
"2021-02-25 15:29:38","start","step1c",41,47068,3,"/xmodal/step1c/pages/00041.php",\N,\N
"2021-02-25 15:29:57","save_next","step1c",41,47068,3,"/xmodal/step1c/pages/00041.php","1.7.23.0",20
"2021-02-25 15:29:57","start","step1c",42,3132446,3,"/xmodal/step1c/pages/00042.php",\N,\N
"2021-02-25 15:30:12","save_next","step1c",42,3132446,3,"/xmodal/step1c/pages/00042.php","1.10.4.9",20
"2021-02-25 15:30:12","start","step1c",43,17297,3,"/xmodal/step1c/pages/00043.php",\N,\N
"2021-02-25 15:30:25","save_next","step1c",43,17297,3,"/xmodal/step1c/pages/00043.php","3.8",20
"2021-02-25 15:30:25","start","step1c",44,996280,3,"/xmodal/step1c/pages/00044.php",\N,\N
"2021-02-25 15:30:44","save_next","step1c",44,996280,3,"/xmodal/step1c/pages/00044.php","1.8.0",30
"2021-02-25 15:30:44","start","step1c",45,1334268,3,"/xmodal/step1c/pages/00045.php",\N,\N
"2021-02-25 15:31:08","save_next","step1c",45,1334268,3,"/xmodal/step1c/pages/00045.php","1.6.6.4",20
"2021-02-25 15:31:08","start","step1c",46,1411825,3,"/xmodal/step1c/pages/00046.php",\N,\N
"2021-02-25 15:31:17","save_next","step1c",46,1411825,3,"/xmodal/step1c/pages/00046.php","1.3",20
"2021-02-25 15:31:17","start","step1c",47,88243,3,"/xmodal/step1c/pages/00047.php",\N,\N
"2021-02-25 15:31:34","save_next","step1c",47,88243,3,"/xmodal/step1c/pages/00047.php","1.3",20
"2021-02-25 15:31:34","start","step1c",48,131143,3,"/xmodal/step1c/pages/00048.php",\N,\N
"2021-02-25 15:32:28","save_next","step1c",48,131143,3,"/xmodal/step1c/pages/00048.php","1.5.3.1",30
"2021-02-25 15:32:28","start","step1c",49,489104,3,"/xmodal/step1c/pages/00049.php",\N,\N
"2021-02-25 15:32:38","save_next","step1c",49,489104,3,"/xmodal/step1c/pages/00049.php","2.1.1",20
"2021-02-25 15:32:38","start","step1c",50,1760869,3,"/xmodal/step1c/pages/00050.php",\N,\N
"2021-02-25 15:32:59","save_next","step1c",50,1760869,3,"/xmodal/step1c/pages/00050.php","1.6.0",20
"2021-02-25 15:32:59","start","step1c",51,185788,3,"/xmodal/step1c/pages/00051.php",\N,\N
"2021-02-25 15:33:28","save_next","step1c",51,185788,3,"/xmodal/step1c/pages/00051.php","1.6.4.1",30
"2021-02-25 15:33:28","start","step1c",52,57504,3,"/xmodal/step1c/pages/00052.php",\N,\N
"2021-02-25 15:34:09","save_next","step1c",52,57504,3,"/xmodal/step1c/pages/00052.php","1.9.0",30
"2021-02-25 15:34:09","start","step1c",53,3228741,3,"/xmodal/step1c/pages/00053.php",\N,\N
"2021-02-25 15:34:25","save_next","step1c",53,3228741,3,"/xmodal/step1c/pages/00053.php","1.3.1",10
"2021-02-25 15:34:25","start","step1c",54,9270,3,"/xmodal/step1c/pages/00054.php",\N,\N
"2021-02-25 15:34:52","save_stop","step1c",54,9270,3,"/xmodal/step1c/pages/00054.php","1.5.2.1",20
"2021-02-25 15:34:58","start","step1c",55,1408058,3,"/xmodal/step1c/pages/00055.php",\N,\N
"2021-02-25 15:35:03","start","step1c",54,9270,3,"/xmodal/step1c/pages/00054.php",\N,\N
"2021-02-25 15:35:09","stop","step1c",54,9270,3,"/xmodal/step1c/pages/00054.php",\N,\N
"2021-02-25 15:35:19","start","step1c",55,1408058,3,"/xmodal/step1c/pages/00055.php",\N,\N
"2021-02-25 15:35:24","start","step1c",55,1408058,3,"/xmodal/step1c/pages/00055.php",\N,\N
"2021-02-25 15:35:26","start","step1c",54,9270,3,"/xmodal/step1c/pages/00054.php",\N,\N
"2021-02-25 15:35:27","start","step1c",53,3228741,3,"/xmodal/step1c/pages/00053.php",\N,\N
"2021-02-25 15:35:42","stop","step1c",53,3228741,3,"/xmodal/step1c/pages/00053.php",\N,\N
"2021-02-25 16:59:21","start","step1b",1,916654,2,"/xmodal/step1b/pages/00001.php",\N,\N
"2021-02-25 17:00:21","save_next","step1b",1,916654,2,"/xmodal/step1b/pages/00001.php","1.7.0",30
"2021-02-25 17:00:21","start","step1b",2,668916,2,"/xmodal/step1b/pages/00002.php",\N,\N
"2021-02-25 17:00:31","save_next","step1b",2,668916,2,"/xmodal/step1b/pages/00002.php","1.9.3.0",30
"2021-02-25 17:00:31","start","step1b",3,1594927,2,"/xmodal/step1b/pages/00003.php",\N,\N
"2021-02-25 17:01:44","save_next","step1b",3,1594927,2,"/xmodal/step1b/pages/00003.php","1.7.20.1",30
"2021-02-25 17:01:44","start","step1b",4,1214960,2,"/xmodal/step1b/pages/00004.php",\N,\N
"2021-02-25 17:02:29","save_next","step1b",4,1214960,2,"/xmodal/step1b/pages/00004.php","1.6.4.12",30
"2021-02-25 17:02:29","start","step1b",5,322747,2,"/xmodal/step1b/pages/00005.php",\N,\N
"2021-02-25 17:02:58","save_next","step1b",5,322747,2,"/xmodal/step1b/pages/00005.php","1.12.0",30
"2021-02-25 17:02:58","start","step1b",6,509117,2,"/xmodal/step1b/pages/00006.php",\N,\N
"2021-02-25 17:03:10","save_next","step1b",6,509117,2,"/xmodal/step1b/pages/00006.php","1.10.4.5",20
"2021-02-25 17:03:10","start","step1b",7,2056992,2,"/xmodal/step1b/pages/00007.php",\N,\N
"2021-02-25 17:03:48","save_next","step1b",7,2056992,2,"/xmodal/step1b/pages/00007.php","1.7.25.1",30
"2021-02-25 17:03:48","start","step1b",8,271762,2,"/xmodal/step1b/pages/00008.php",\N,\N
"2021-02-25 17:04:23","save_next","step1b",8,271762,2,"/xmodal/step1b/pages/00008.php","1.6.4.0",30
"2021-02-25 17:04:23","start","step1b",9,539226,2,"/xmodal/step1b/pages/00009.php",\N,\N
"2021-02-25 17:04:44","save_next","step1b",9,539226,2,"/xmodal/step1b/pages/00009.php","1.6.6.1",30
"2021-02-25 17:04:44","start","step1b",10,11706,2,"/xmodal/step1b/pages/00010.php",\N,\N
"2021-02-25 17:05:11","save_next","step1b",10,11706,2,"/xmodal/step1b/pages/00010.php","1.5.4.1",30
"2021-02-25 17:05:11","start","step1b",11,1615993,2,"/xmodal/step1b/pages/00011.php",\N,\N
"2021-02-25 17:05:30","save_next","step1b",11,1615993,2,"/xmodal/step1b/pages/00011.php","1.6.4.15",30
"2021-02-25 17:05:30","start","step1b",12,2871342,2,"/xmodal/step1b/pages/00012.php",\N,\N
"2021-02-25 17:06:11","save_next","step1b",12,2871342,2,"/xmodal/step1b/pages/00012.php","1.6.3.0",30
"2021-02-25 17:06:11","start","step1b",13,20955,2,"/xmodal/step1b/pages/00013.php",\N,\N
"2021-02-25 17:06:22","save_next","step1b",13,20955,2,"/xmodal/step1b/pages/00013.php","1.5.4.3",30
"2021-02-25 17:06:22","start","step1b",14,604428,2,"/xmodal/step1b/pages/00014.php",\N,\N
"2021-02-25 17:06:32","save_next","step1b",14,604428,2,"/xmodal/step1b/pages/00014.php","1.7.15.0",20
"2021-02-25 17:06:32","start","step1b",15,194746,2,"/xmodal/step1b/pages/00015.php",\N,\N
"2021-02-25 17:07:10","save_next","step1b",15,194746,2,"/xmodal/step1b/pages/00015.php","1.5.4.3",30
"2021-02-25 17:07:10","start","step1b",16,1117516,2,"/xmodal/step1b/pages/00016.php",\N,\N
"2021-02-25 17:07:37","save_next","step1b",16,1117516,2,"/xmodal/step1b/pages/00016.php","1.6.0",30
"2021-02-25 17:07:37","start","step1b",17,3518982,2,"/xmodal/step1b/pages/00017.php",\N,\N
"2021-02-25 17:09:01","save_next","step1b",17,3518982,2,"/xmodal/step1b/pages/00017.php","1.6.4.12",30
"2021-02-25 17:09:01","start","step1b",18,395822,2,"/xmodal/step1b/pages/00018.php",\N,\N
"2021-02-25 17:09:38","save_next","step1b",18,395822,2,"/xmodal/step1b/pages/00018.php","1.7.20.0",30
"2021-02-25 17:09:39","start","step1b",19,3475262,2,"/xmodal/step1b/pages/00019.php",\N,\N
"2021-02-25 17:10:08","save_next","step1b",19,3475262,2,"/xmodal/step1b/pages/00019.php","1.9.3.2",30
"2021-02-25 17:10:08","start","step1b",20,50950,2,"/xmodal/step1b/pages/00020.php",\N,\N
"2021-02-25 17:11:20","save_next","step1b",20,50950,2,"/xmodal/step1b/pages/00020.php","1.6.4.5",30
"2021-02-25 17:11:20","start","step1b",21,69019,2,"/xmodal/step1b/pages/00021.php",\N,\N
"2021-02-25 17:11:35","save_next","step1b",21,69019,2,"/xmodal/step1b/pages/00021.php","1.10.5.2",30
"2021-02-25 17:11:35","start","step1b",22,53733,2,"/xmodal/step1b/pages/00022.php",\N,\N
"2021-02-25 17:11:46","save_next","step1b",22,53733,2,"/xmodal/step1b/pages/00022.php","1.5.3.6",20
"2021-02-25 17:11:46","start","step1b",23,55784,2,"/xmodal/step1b/pages/00023.php",\N,\N
"2021-02-25 17:12:14","save_next","step1b",23,55784,2,"/xmodal/step1b/pages/00023.php","1.6.4.2",30
"2021-02-25 17:12:14","start","step1b",24,927807,2,"/xmodal/step1b/pages/00024.php",\N,\N
"2021-02-25 17:12:22","save_next","step1b",24,927807,2,"/xmodal/step1b/pages/00024.php","1.4.6.2",30
"2021-02-25 17:12:22","start","step1b",25,283461,2,"/xmodal/step1b/pages/00025.php",\N,\N
"2021-02-25 17:12:37","save_next","step1b",25,283461,2,"/xmodal/step1b/pages/00025.php","1.6.4.1",20
"2021-02-25 17:12:37","start","step1b",26,2460204,2,"/xmodal/step1b/pages/00026.php",\N,\N
"2021-02-25 17:12:55","save_next","step1b",26,2460204,2,"/xmodal/step1b/pages/00026.php","1.5.4.2",20
"2021-02-25 17:12:55","start","step1b",27,46691,2,"/xmodal/step1b/pages/00027.php",\N,\N
"2021-02-25 17:13:05","save_next","step1b",27,46691,2,"/xmodal/step1b/pages/00027.php","1.10.2",30
"2021-02-25 17:13:05","start","step1b",28,653221,2,"/xmodal/step1b/pages/00028.php",\N,\N
"2021-02-25 17:13:27","save_next","step1b",28,653221,2,"/xmodal/step1b/pages/00028.php","1.9.1.0",30
"2021-02-25 17:13:27","start","step1b",29,2296052,2,"/xmodal/step1b/pages/00029.php",\N,\N
"2021-02-25 17:14:13","save_next","step1b",29,2296052,2,"/xmodal/step1b/pages/00029.php","1.6.6.3",30
"2021-02-25 17:14:13","start","step1b",30,8742,2,"/xmodal/step1b/pages/00030.php",\N,\N
"2021-02-25 17:14:32","save_next","step1b",30,8742,2,"/xmodal/step1b/pages/00030.php","1.5.3.6",30
"2021-02-25 17:14:32","start","step1b",31,2640145,2,"/xmodal/step1b/pages/00031.php",\N,\N
"2021-02-25 17:14:39","save_next","step1b",31,2640145,2,"/xmodal/step1b/pages/00031.php","1.10.4.2",20
"2021-02-25 17:14:39","start","step1b",32,2060047,2,"/xmodal/step1b/pages/00032.php",\N,\N
"2021-02-25 17:14:50","save_next","step1b",32,2060047,2,"/xmodal/step1b/pages/00032.php","1.7.19.0",30
"2021-02-25 17:14:50","start","step1b",33,1376540,2,"/xmodal/step1b/pages/00033.php",\N,\N
"2021-02-25 17:14:57","save_next","step1b",33,1376540,2,"/xmodal/step1b/pages/00033.php","1.10.3",20
"2021-02-25 17:14:57","start","step1b",34,1289699,2,"/xmodal/step1b/pages/00034.php",\N,\N
"2021-02-25 17:15:14","save_next","step1b",34,1289699,2,"/xmodal/step1b/pages/00034.php","1.4.1",30
"2021-02-25 17:15:14","start","step1b",35,177599,2,"/xmodal/step1b/pages/00035.php",\N,\N
"2021-02-25 17:15:30","save_next","step1b",35,177599,2,"/xmodal/step1b/pages/00035.php","1.4.0",30
"2021-02-25 17:15:30","start","step1b",36,1728117,2,"/xmodal/step1b/pages/00036.php",\N,\N
"2021-02-25 17:15:39","save_next","step1b",36,1728117,2,"/xmodal/step1b/pages/00036.php","1.10.4.1",20
"2021-02-25 17:15:39","start","step1b",37,9878,2,"/xmodal/step1b/pages/00037.php",\N,\N
"2021-02-25 17:15:50","save_next","step1b",37,9878,2,"/xmodal/step1b/pages/00037.php","1.10.2",30
"2021-02-25 17:15:50","start","step1b",38,34961,2,"/xmodal/step1b/pages/00038.php",\N,\N
"2021-02-25 17:16:02","save_next","step1b",38,34961,2,"/xmodal/step1b/pages/00038.php","1.7.21.1",30
"2021-02-25 17:16:02","start","step1b",39,268897,2,"/xmodal/step1b/pages/00039.php",\N,\N
"2021-02-25 17:16:10","save_next","step1b",39,268897,2,"/xmodal/step1b/pages/00039.php","1.6.6.6",30
"2021-02-25 17:16:10","start","step1b",40,633101,2,"/xmodal/step1b/pages/00040.php",\N,\N
"2021-02-25 17:17:08","save_next","step1b",40,633101,2,"/xmodal/step1b/pages/00040.php","1.7.9",30
"2021-02-25 17:17:08","start","step1b",41,2361767,2,"/xmodal/step1b/pages/00041.php",\N,\N
"2021-02-25 17:17:14","save_next","step1b",41,2361767,2,"/xmodal/step1b/pages/00041.php","1.7.19.0",20
"2021-02-25 17:17:14","start","step1b",42,2644184,2,"/xmodal/step1b/pages/00042.php",\N,\N
"2021-02-25 17:17:26","save_next","step1b",42,2644184,2,"/xmodal/step1b/pages/00042.php","1.6.4.1",30
"2021-02-25 17:17:26","start","step1b",43,83521,2,"/xmodal/step1b/pages/00043.php",\N,\N
"2021-02-25 17:17:50","save_next","step1b",43,83521,2,"/xmodal/step1b/pages/00043.php","1.7.21.6",30
"2021-02-25 17:17:50","start","step1b",44,3749410,2,"/xmodal/step1b/pages/00044.php",\N,\N
"2021-02-25 17:18:11","save_next","step1b",44,3749410,2,"/xmodal/step1b/pages/00044.php","1.9.1.4",20
"2021-02-25 17:18:11","start","step1b",45,2863032,2,"/xmodal/step1b/pages/00045.php",\N,\N
"2021-02-25 17:18:54","save_next","step1b",45,2863032,2,"/xmodal/step1b/pages/00045.php","1.7.20.2",30
"2021-02-25 17:18:54","start","step1b",46,1760294,2,"/xmodal/step1b/pages/00046.php",\N,\N
"2021-02-25 17:19:02","save_next","step1b",46,1760294,2,"/xmodal/step1b/pages/00046.php","1.7.9",20
"2021-02-25 17:19:02","start","step1b",47,1526468,2,"/xmodal/step1b/pages/00047.php",\N,\N
"2021-02-25 17:19:11","save_next","step1b",47,1526468,2,"/xmodal/step1b/pages/00047.php","1.4.1",20
"2021-02-25 17:19:11","start","step1b",48,3473408,2,"/xmodal/step1b/pages/00048.php",\N,\N
"2021-02-25 17:19:24","save_next","step1b",48,3473408,2,"/xmodal/step1b/pages/00048.php","1.9.3.0",20
"2021-02-25 17:19:24","start","step1b",49,3868,2,"/xmodal/step1b/pages/00049.php",\N,\N
"2021-02-25 17:19:59","save_next","step1b",49,3868,2,"/xmodal/step1b/pages/00049.php","1.7.19.5",30
"2021-02-25 17:19:59","start","step1b",50,1574521,2,"/xmodal/step1b/pages/00050.php",\N,\N
"2021-02-25 17:20:18","save_next","step1b",50,1574521,2,"/xmodal/step1b/pages/00050.php","1.9.1.0",30
"2021-02-25 17:20:18","start","step1b",51,66374,2,"/xmodal/step1b/pages/00051.php",\N,\N
"2021-02-25 17:20:39","save_next","step1b",51,66374,2,"/xmodal/step1b/pages/00051.php","1.5.3.5",30
"2021-02-25 17:20:39","start","step1b",52,49963,2,"/xmodal/step1b/pages/00052.php",\N,\N
"2021-02-25 17:20:54","save_next","step1b",52,49963,2,"/xmodal/step1b/pages/00052.php","1.7.24.0",30
"2021-02-25 17:20:55","start","step1b",53,726401,2,"/xmodal/step1b/pages/00053.php",\N,\N
"2021-02-25 17:21:15","save_next","step1b",53,726401,2,"/xmodal/step1b/pages/00053.php","1.2",30
"2021-02-25 17:21:15","start","step1b",54,1129625,2,"/xmodal/step1b/pages/00054.php",\N,\N
"2021-02-25 17:21:28","save_next","step1b",54,1129625,2,"/xmodal/step1b/pages/00054.php","1.7.21.1",30
"2021-02-25 17:21:28","start","step1b",55,48683,2,"/xmodal/step1b/pages/00055.php",\N,\N
"2021-02-25 17:22:04","save_next","step1b",55,48683,2,"/xmodal/step1b/pages/00055.php","1.4.1",30
"2021-02-25 17:22:04","start","step1b",56,339792,2,"/xmodal/step1b/pages/00056.php",\N,\N
"2021-02-25 17:22:21","save_next","step1b",56,339792,2,"/xmodal/step1b/pages/00056.php","1.5.2.1",30
"2021-02-25 17:22:21","start","step1b",57,206028,2,"/xmodal/step1b/pages/00057.php",\N,\N
"2021-02-25 17:22:28","save_next","step1b",57,206028,2,"/xmodal/step1b/pages/00057.php","1.7.2",20
"2021-02-25 17:22:28","start","step1b",58,84171,2,"/xmodal/step1b/pages/00058.php",\N,\N
"2021-02-25 17:22:37","save_next","step1b",58,84171,2,"/xmodal/step1b/pages/00058.php","1.10.4.3",20
"2021-02-25 17:22:37","start","step1b",59,330664,2,"/xmodal/step1b/pages/00059.php",\N,\N
"2021-02-25 17:23:18","save_next","step1b",59,330664,2,"/xmodal/step1b/pages/00059.php","1.4.0",30
"2021-02-25 17:23:18","start","step1b",60,2084777,2,"/xmodal/step1b/pages/00060.php",\N,\N
"2021-02-25 17:24:03","save_next","step1b",60,2084777,2,"/xmodal/step1b/pages/00060.php","1.6.4.0",30
"2021-02-25 17:24:03","start","step1b",61,882315,2,"/xmodal/step1b/pages/00061.php",\N,\N
"2021-02-25 17:24:16","save_next","step1b",61,882315,2,"/xmodal/step1b/pages/00061.php","0",30
"2021-02-25 17:24:16","start","step1b",62,303258,2,"/xmodal/step1b/pages/00062.php",\N,\N
"2021-02-25 17:24:28","save_next","step1b",62,303258,2,"/xmodal/step1b/pages/00062.php","1.7.16",20
"2021-02-25 17:24:28","start","step1b",63,3300573,2,"/xmodal/step1b/pages/00063.php",\N,\N
"2021-02-25 17:24:37","save_next","step1b",63,3300573,2,"/xmodal/step1b/pages/00063.php","1.4.1",30
"2021-02-25 17:24:37","start","step1b",64,27517,2,"/xmodal/step1b/pages/00064.php",\N,\N
"2021-02-25 17:25:01","save_next","step1b",64,27517,2,"/xmodal/step1b/pages/00064.php","1.7.21.2",30
"2021-02-25 17:25:01","start","step1b",65,656583,2,"/xmodal/step1b/pages/00065.php",\N,\N
"2021-02-25 17:25:51","save_next","step1b",65,656583,2,"/xmodal/step1b/pages/00065.php","1.10.4.4",20
"2021-02-25 17:25:51","start","step1b",66,1201201,2,"/xmodal/step1b/pages/00066.php",\N,\N
"2021-02-25 17:25:59","save_next","step1b",66,1201201,2,"/xmodal/step1b/pages/00066.php","1.7.3",20
"2021-02-25 17:25:59","start","step1b",67,3495237,2,"/xmodal/step1b/pages/00067.php",\N,\N
"2021-02-25 17:26:11","save_next","step1b",67,3495237,2,"/xmodal/step1b/pages/00067.php","1.7.17.0",20
"2021-02-25 17:26:11","start","step1b",68,3477098,2,"/xmodal/step1b/pages/00068.php",\N,\N
"2021-02-25 17:26:19","save_next","step1b",68,3477098,2,"/xmodal/step1b/pages/00068.php","1.7.17.0",20
"2021-02-25 17:26:19","start","step1b",69,129146,2,"/xmodal/step1b/pages/00069.php",\N,\N
"2021-02-25 17:27:48","save_next","step1b",69,129146,2,"/xmodal/step1b/pages/00069.php","0",30
"2021-02-25 17:27:48","start","step1b",70,313101,2,"/xmodal/step1b/pages/00070.php",\N,\N
"2021-02-25 17:28:24","save_next","step1b",70,313101,2,"/xmodal/step1b/pages/00070.php","0",30
"2021-02-25 17:28:24","start","step1b",71,637009,2,"/xmodal/step1b/pages/00071.php",\N,\N
"2021-02-25 17:29:13","save_next","step1b",71,637009,2,"/xmodal/step1b/pages/00071.php","1.7.21.1",30
"2021-02-25 17:29:13","start","step1b",72,16740,2,"/xmodal/step1b/pages/00072.php",\N,\N
"2021-02-25 17:30:01","save_next","step1b",72,16740,2,"/xmodal/step1b/pages/00072.php","1.6.1",30
"2021-02-25 17:30:01","start","step1b",73,1609418,2,"/xmodal/step1b/pages/00073.php",\N,\N
"2021-02-25 17:30:11","save_next","step1b",73,1609418,2,"/xmodal/step1b/pages/00073.php","1.4.7.4",20
"2021-02-25 17:30:11","start","step1b",74,47068,2,"/xmodal/step1b/pages/00074.php",\N,\N
"2021-02-25 17:30:38","save_next","step1b",74,47068,2,"/xmodal/step1b/pages/00074.php","1.1",30
"2021-02-25 17:30:38","start","step1b",75,3132446,2,"/xmodal/step1b/pages/00075.php",\N,\N
"2021-02-25 17:30:47","save_next","step1b",75,3132446,2,"/xmodal/step1b/pages/00075.php","1.10.4.9",20
"2021-02-25 17:30:47","start","step1b",76,17297,2,"/xmodal/step1b/pages/00076.php",\N,\N
"2021-02-25 17:30:55","save_next","step1b",76,17297,2,"/xmodal/step1b/pages/00076.php","3.8",20
"2021-02-25 17:30:55","start","step1b",77,996280,2,"/xmodal/step1b/pages/00077.php",\N,\N
"2021-02-25 17:31:15","save_next","step1b",77,996280,2,"/xmodal/step1b/pages/00077.php","1.6.4.16",30
"2021-02-25 17:31:15","start","step1b",78,1334268,2,"/xmodal/step1b/pages/00078.php",\N,\N
"2021-02-25 17:31:38","save_next","step1b",78,1334268,2,"/xmodal/step1b/pages/00078.php","1.6.6.4",30
"2021-02-25 17:31:38","start","step1b",79,1411825,2,"/xmodal/step1b/pages/00079.php",\N,\N
"2021-02-25 17:32:08","save_next","step1b",79,1411825,2,"/xmodal/step1b/pages/00079.php","1.4.0",30
"2021-02-25 17:32:08","start","step1b",80,88243,2,"/xmodal/step1b/pages/00080.php",\N,\N
"2021-02-25 17:32:37","save_next","step1b",80,88243,2,"/xmodal/step1b/pages/00080.php","1.7.0",30
"2021-02-25 17:32:37","start","step1b",81,131143,2,"/xmodal/step1b/pages/00081.php",\N,\N
"2021-02-25 17:33:13","save_next","step1b",81,131143,2,"/xmodal/step1b/pages/00081.php","1.5.3.1",30
"2021-02-25 17:33:13","start","step1b",82,489104,2,"/xmodal/step1b/pages/00082.php",\N,\N
"2021-02-25 17:33:27","save_next","step1b",82,489104,2,"/xmodal/step1b/pages/00082.php","1.9.3.0",30
"2021-02-25 17:33:27","start","step1b",83,1760869,2,"/xmodal/step1b/pages/00083.php",\N,\N
"2021-02-25 17:33:56","save_next","step1b",83,1760869,2,"/xmodal/step1b/pages/00083.php","1.6.0",30
"2021-02-25 17:33:56","start","step1b",84,185788,2,"/xmodal/step1b/pages/00084.php",\N,\N
"2021-02-25 17:34:12","save_next","step1b",84,185788,2,"/xmodal/step1b/pages/00084.php","1.6.5.0",30
"2021-02-25 17:34:12","start","step1b",85,57504,2,"/xmodal/step1b/pages/00085.php",\N,\N
"2021-02-25 17:34:47","save_next","step1b",85,57504,2,"/xmodal/step1b/pages/00085.php","1.9.0",30
"2021-02-25 17:34:47","start","step1b",86,3228741,2,"/xmodal/step1b/pages/00086.php",\N,\N
"2021-02-25 17:34:53","save_next","step1b",86,3228741,2,"/xmodal/step1b/pages/00086.php","1.3.1",20
"2021-02-25 17:34:53","start","step1b",87,9270,2,"/xmodal/step1b/pages/00087.php",\N,\N
"2021-02-25 17:35:14","save_next","step1b",87,9270,2,"/xmodal/step1b/pages/00087.php","1.5.2.0",20
"2021-02-25 17:35:14","start","step1b",88,1408058,2,"/xmodal/step1b/pages/00088.php",\N,\N
"2021-02-25 17:35:41","save_next","step1b",88,1408058,2,"/xmodal/step1b/pages/00088.php","1.7.21.0",30
"2021-02-25 17:35:41","start","step1b",89,74504,2,"/xmodal/step1b/pages/00089.php",\N,\N
"2021-02-25 17:36:32","save_next","step1b",89,74504,2,"/xmodal/step1b/pages/00089.php","1.7.19.6",20
"2021-02-25 17:36:32","start","step1b",90,127519,2,"/xmodal/step1b/pages/00090.php",\N,\N
"2021-02-25 17:37:16","save_next","step1b",90,127519,2,"/xmodal/step1b/pages/00090.php","1.6.4.4",30
"2021-02-25 17:37:16","start","step1b",91,1184418,2,"/xmodal/step1b/pages/00091.php",\N,\N
"2021-02-25 17:37:53","save_next","step1b",91,1184418,2,"/xmodal/step1b/pages/00091.php","0",30
"2021-02-25 17:37:53","start","step1b",92,415761,2,"/xmodal/step1b/pages/00092.php",\N,\N
"2021-02-25 17:38:01","save_next","step1b",92,415761,2,"/xmodal/step1b/pages/00092.php","1.6.2",20
"2021-02-25 17:38:01","start","step1b",93,2607340,2,"/xmodal/step1b/pages/00093.php",\N,\N
"2021-02-25 17:38:11","save_next","step1b",93,2607340,2,"/xmodal/step1b/pages/00093.php","1.6.4.10",30
"2021-02-25 17:38:11","start","step1b",94,410308,2,"/xmodal/step1b/pages/00094.php",\N,\N
"2021-02-25 17:38:27","save_next","step1b",94,410308,2,"/xmodal/step1b/pages/00094.php","1.6.6.1",30
"2021-02-25 17:38:27","start","step1b",95,1130023,2,"/xmodal/step1b/pages/00095.php",\N,\N
"2021-02-25 17:38:42","save_next","step1b",95,1130023,2,"/xmodal/step1b/pages/00095.php","1.5.3.5",30
"2021-02-25 17:38:42","start","step1b",96,1318670,2,"/xmodal/step1b/pages/00096.php",\N,\N
"2021-02-25 17:39:01","save_next","step1b",96,1318670,2,"/xmodal/step1b/pages/00096.php","1.6.5.4",30
"2021-02-25 17:39:01","start","step1b",97,2600192,2,"/xmodal/step1b/pages/00097.php",\N,\N
"2021-02-25 17:39:15","save_next","step1b",97,2600192,2,"/xmodal/step1b/pages/00097.php","1.7.17.5",30
"2021-02-25 17:39:15","start","step1b",98,3046506,2,"/xmodal/step1b/pages/00098.php",\N,\N
"2021-02-25 17:39:48","save_next","step1b",98,3046506,2,"/xmodal/step1b/pages/00098.php","1.9.1.1",30
"2021-02-25 17:39:48","start","step1b",99,358356,2,"/xmodal/step1b/pages/00099.php",\N,\N
"2021-02-25 17:40:27","save_next","step1b",99,358356,2,"/xmodal/step1b/pages/00099.php","1.7.21.3",30
"2021-02-25 17:40:27","start","step1b",100,493705,2,"/xmodal/step1b/pages/00100.php",\N,\N
"2021-02-25 17:40:37","start","step1c",55,1408058,3,"/xmodal/step1c/pages/00055.php",\N,\N
"2021-02-25 17:41:05","save_next","step1b",100,493705,2,"/xmodal/step1b/pages/00100.php","1.6.4.0",30
"2021-02-25 17:41:28","save_next","step1c",55,1408058,3,"/xmodal/step1c/pages/00055.php","1.7.10",20
"2021-02-25 17:41:28","start","step1c",56,74504,3,"/xmodal/step1c/pages/00056.php",\N,\N
"2021-02-25 17:41:43","save_next","step1c",56,74504,3,"/xmodal/step1c/pages/00056.php","1.7.19.6",20
"2021-02-25 17:41:43","start","step1c",57,127519,3,"/xmodal/step1c/pages/00057.php",\N,\N
"2021-02-25 17:42:48","save_next","step1c",57,127519,3,"/xmodal/step1c/pages/00057.php","1.6.4.4",30
"2021-02-25 17:42:48","start","step1c",58,1184418,3,"/xmodal/step1c/pages/00058.php",\N,\N
"2021-02-25 17:43:25","save_next","step1c",58,1184418,3,"/xmodal/step1c/pages/00058.php","1.4.7.4",30
"2021-02-25 17:43:25","start","step1c",59,415761,3,"/xmodal/step1c/pages/00059.php",\N,\N
"2021-02-25 17:43:36","save_next","step1c",59,415761,3,"/xmodal/step1c/pages/00059.php","1.6.2",10
"2021-02-25 17:43:36","start","step1c",60,2607340,3,"/xmodal/step1c/pages/00060.php",\N,\N
"2021-02-25 17:44:04","save_next","step1c",60,2607340,3,"/xmodal/step1c/pages/00060.php","1.6.4.10",30
"2021-02-25 17:44:04","start","step1c",61,410308,3,"/xmodal/step1c/pages/00061.php",\N,\N
"2021-02-25 17:44:15","save_next","step1c",61,410308,3,"/xmodal/step1c/pages/00061.php","1.6.6.5",20
"2021-02-25 17:44:15","start","step1c",62,1130023,3,"/xmodal/step1c/pages/00062.php",\N,\N
"2021-02-25 17:44:30","save_next","step1c",62,1130023,3,"/xmodal/step1c/pages/00062.php","1.6.6.3",20
"2021-02-25 17:44:30","start","step1c",63,1318670,3,"/xmodal/step1c/pages/00063.php",\N,\N
"2021-02-25 17:44:51","save_next","step1c",63,1318670,3,"/xmodal/step1c/pages/00063.php","1.6.5.1",30
"2021-02-25 17:44:51","start","step1c",64,2600192,3,"/xmodal/step1c/pages/00064.php",\N,\N
"2021-02-25 17:45:12","save_next","step1c",64,2600192,3,"/xmodal/step1c/pages/00064.php","1.6.6.0",20
"2021-02-25 17:45:13","start","step1c",65,3046506,3,"/xmodal/step1c/pages/00065.php",\N,\N
"2021-02-25 17:45:37","save_next","step1c",65,3046506,3,"/xmodal/step1c/pages/00065.php","1.4.7.3",30
"2021-02-25 17:45:37","start","step1c",66,358356,3,"/xmodal/step1c/pages/00066.php",\N,\N
"2021-02-25 17:45:52","save_next","step1c",66,358356,3,"/xmodal/step1c/pages/00066.php","1.7.21.7",30
"2021-02-25 17:45:52","start","step1c",67,493705,3,"/xmodal/step1c/pages/00067.php",\N,\N
"2021-02-25 17:46:11","save_next","step1c",67,493705,3,"/xmodal/step1c/pages/00067.php","1.6.4.9",20
"2021-02-25 17:46:11","start","step1c",68,916654,3,"/xmodal/step1c/pages/00068.php",\N,\N
"2021-02-25 17:47:07","save_next","step1c",68,916654,3,"/xmodal/step1c/pages/00068.php","1.7.20.0",30
"2021-02-25 17:47:07","start","step1c",69,668916,3,"/xmodal/step1c/pages/00069.php",\N,\N
"2021-02-25 17:47:25","save_next","step1c",69,668916,3,"/xmodal/step1c/pages/00069.php","1.9.3.0",20
"2021-02-25 17:47:25","start","step1c",70,1594927,3,"/xmodal/step1c/pages/00070.php",\N,\N
"2021-02-25 17:47:47","save_next","step1c",70,1594927,3,"/xmodal/step1c/pages/00070.php","1.4.6.2",20
"2021-02-25 17:47:47","start","step1c",71,1214960,3,"/xmodal/step1c/pages/00071.php",\N,\N
"2021-02-25 17:48:13","save_next","step1c",71,1214960,3,"/xmodal/step1c/pages/00071.php","1.6.4.12",20
"2021-02-25 17:48:13","start","step1c",72,322747,3,"/xmodal/step1c/pages/00072.php",\N,\N
"2021-02-25 17:48:30","save_next","step1c",72,322747,3,"/xmodal/step1c/pages/00072.php","1.12.0",20
"2021-02-25 17:48:30","start","step1c",73,509117,3,"/xmodal/step1c/pages/00073.php",\N,\N
"2021-02-25 17:48:50","save_next","step1c",73,509117,3,"/xmodal/step1c/pages/00073.php","1.10.4.5",10
"2021-02-25 17:48:50","start","step1c",74,2056992,3,"/xmodal/step1c/pages/00074.php",\N,\N
"2021-02-25 17:49:00","save_next","step1c",74,2056992,3,"/xmodal/step1c/pages/00074.php","1.7.4",10
"2021-02-25 17:49:00","start","step1c",75,271762,3,"/xmodal/step1c/pages/00075.php",\N,\N
"2021-02-25 17:49:19","save_next","step1c",75,271762,3,"/xmodal/step1c/pages/00075.php","1.4.5.3",30
"2021-02-25 17:49:19","start","step1c",76,539226,3,"/xmodal/step1c/pages/00076.php",\N,\N
"2021-02-25 17:49:39","save_next","step1c",76,539226,3,"/xmodal/step1c/pages/00076.php","1.6.6.0",20
"2021-02-25 17:49:39","start","step1c",77,11706,3,"/xmodal/step1c/pages/00077.php",\N,\N
"2021-02-25 17:49:52","save_next","step1c",77,11706,3,"/xmodal/step1c/pages/00077.php","1.7.21.0",20
"2021-02-25 17:49:52","start","step1c",78,1615993,3,"/xmodal/step1c/pages/00078.php",\N,\N
"2021-02-25 17:50:03","save_next","step1c",78,1615993,3,"/xmodal/step1c/pages/00078.php","1.6.4.16",20
"2021-02-25 17:50:03","start","step1c",79,2871342,3,"/xmodal/step1c/pages/00079.php",\N,\N
"2021-02-25 17:51:02","save_next","step1c",79,2871342,3,"/xmodal/step1c/pages/00079.php","1.9.1.3",30
"2021-02-25 17:51:02","start","step1c",80,20955,3,"/xmodal/step1c/pages/00080.php",\N,\N
"2021-02-25 17:51:16","save_next","step1c",80,20955,3,"/xmodal/step1c/pages/00080.php","1.5.4.3",20
"2021-02-25 17:51:16","start","step1c",81,604428,3,"/xmodal/step1c/pages/00081.php",\N,\N
"2021-02-25 17:51:33","save_next","step1c",81,604428,3,"/xmodal/step1c/pages/00081.php","1.7.15.0",20
"2021-02-25 17:51:33","start","step1c",82,194746,3,"/xmodal/step1c/pages/00082.php",\N,\N
"2021-02-25 17:51:49","save_next","step1c",82,194746,3,"/xmodal/step1c/pages/00082.php","1.5.4.1",20
"2021-02-25 17:51:49","start","step1c",83,1117516,3,"/xmodal/step1c/pages/00083.php",\N,\N
"2021-02-25 17:52:47","save_next","step1c",83,1117516,3,"/xmodal/step1c/pages/00083.php","1.6.0",20
"2021-02-25 17:52:47","start","step1c",84,3518982,3,"/xmodal/step1c/pages/00084.php",\N,\N
"2021-02-25 17:53:21","save_next","step1c",84,3518982,3,"/xmodal/step1c/pages/00084.php","1.6.4.12",30
"2021-02-25 17:53:21","start","step1c",85,395822,3,"/xmodal/step1c/pages/00085.php",\N,\N
"2021-02-25 17:53:38","save_next","step1c",85,395822,3,"/xmodal/step1c/pages/00085.php","1.7.22.1",30
"2021-02-25 17:53:38","start","step1c",86,3475262,3,"/xmodal/step1c/pages/00086.php",\N,\N
"2021-02-25 17:54:32","save_next","step1c",86,3475262,3,"/xmodal/step1c/pages/00086.php","1.5.3.1",30
"2021-02-25 17:54:32","start","step1c",87,50950,3,"/xmodal/step1c/pages/00087.php",\N,\N
"2021-02-25 17:54:47","save_next","step1c",87,50950,3,"/xmodal/step1c/pages/00087.php","1.6.4.8",30
"2021-02-25 17:54:47","start","step1c",88,69019,3,"/xmodal/step1c/pages/00088.php",\N,\N
"2021-02-25 17:55:06","save_next","step1c",88,69019,3,"/xmodal/step1c/pages/00088.php","1.10.5.0",20
"2021-02-25 17:55:06","start","step1c",89,53733,3,"/xmodal/step1c/pages/00089.php",\N,\N
"2021-02-25 17:55:43","save_next","step1c",89,53733,3,"/xmodal/step1c/pages/00089.php","1.5.3.7",20
"2021-02-25 17:55:43","start","step1c",90,55784,3,"/xmodal/step1c/pages/00090.php",\N,\N
"2021-02-25 17:56:14","save_next","step1c",90,55784,3,"/xmodal/step1c/pages/00090.php","1.6.4.2",20
"2021-02-25 17:56:14","start","step1c",91,927807,3,"/xmodal/step1c/pages/00091.php",\N,\N
"2021-02-25 17:56:24","save_next","step1c",91,927807,3,"/xmodal/step1c/pages/00091.php","1.7.0",20
"2021-02-25 17:56:24","start","step1c",92,283461,3,"/xmodal/step1c/pages/00092.php",\N,\N
"2021-02-25 17:56:55","save_next","step1c",92,283461,3,"/xmodal/step1c/pages/00092.php","1.6.4.1",30
"2021-02-25 17:56:55","start","step1c",93,2460204,3,"/xmodal/step1c/pages/00093.php",\N,\N
"2021-02-25 17:57:04","save_next","step1c",93,2460204,3,"/xmodal/step1c/pages/00093.php","1.5.4.0",20
"2021-02-25 17:57:04","start","step1c",94,46691,3,"/xmodal/step1c/pages/00094.php",\N,\N
"2021-02-25 17:57:27","save_next","step1c",94,46691,3,"/xmodal/step1c/pages/00094.php","0",30
"2021-02-25 17:57:27","start","step1c",95,653221,3,"/xmodal/step1c/pages/00095.php",\N,\N
"2021-02-25 17:57:41","save_next","step1c",95,653221,3,"/xmodal/step1c/pages/00095.php","1.7.19.0",30
"2021-02-25 17:57:41","start","step1c",96,2296052,3,"/xmodal/step1c/pages/00096.php",\N,\N
"2021-02-25 17:58:05","save_next","step1c",96,2296052,3,"/xmodal/step1c/pages/00096.php","1.6.0",30
"2021-02-25 17:58:05","start","step1c",97,8742,3,"/xmodal/step1c/pages/00097.php",\N,\N
"2021-02-25 17:58:49","save_next","step1c",97,8742,3,"/xmodal/step1c/pages/00097.php","1.5.0",30
"2021-02-25 17:58:49","start","step1c",98,2640145,3,"/xmodal/step1c/pages/00098.php",\N,\N
"2021-02-25 17:59:06","save_next","step1c",98,2640145,3,"/xmodal/step1c/pages/00098.php","1.10.4.2",20
"2021-02-25 17:59:06","start","step1c",99,2060047,3,"/xmodal/step1c/pages/00099.php",\N,\N
"2021-02-25 17:59:36","save_next","step1c",99,2060047,3,"/xmodal/step1c/pages/00099.php","1.7.19.0",30
"2021-02-25 17:59:36","start","step1c",100,1376540,3,"/xmodal/step1c/pages/00100.php",\N,\N
"2021-02-25 17:59:51","save_next","step1c",100,1376540,3,"/xmodal/step1c/pages/00100.php","1.10.3",10
"2021-02-25 18:06:41","start","step1c",1,1289699,3,"/xmodal/step1c/pages/00001.php",\N,\N
"2021-02-25 18:06:44","start","step1c",2,177599,3,"/xmodal/step1c/pages/00002.php",\N,\N
"2021-02-25 18:06:45","start","step1c",3,1728117,3,"/xmodal/step1c/pages/00003.php",\N,\N
"2021-02-25 18:06:46","start","step1c",4,9878,3,"/xmodal/step1c/pages/00004.php",\N,\N
"2021-02-25 18:06:48","start","step1c",5,34961,3,"/xmodal/step1c/pages/00005.php",\N,\N
"2021-02-25 18:06:48","start","step1c",6,268897,3,"/xmodal/step1c/pages/00006.php",\N,\N
"2021-02-25 18:06:49","start","step1c",7,633101,3,"/xmodal/step1c/pages/00007.php",\N,\N
"2021-02-25 18:06:50","start","step1c",8,2361767,3,"/xmodal/step1c/pages/00008.php",\N,\N
"2021-02-25 18:06:51","start","step1c",9,2644184,3,"/xmodal/step1c/pages/00009.php",\N,\N
"2021-02-25 18:06:52","start","step1c",10,83521,3,"/xmodal/step1c/pages/00010.php",\N,\N
"2021-02-25 18:06:53","start","step1c",11,3749410,3,"/xmodal/step1c/pages/00011.php",\N,\N
"2021-02-25 18:06:54","start","step1c",12,2863032,3,"/xmodal/step1c/pages/00012.php",\N,\N
"2021-02-25 18:06:54","start","step1c",13,1760294,3,"/xmodal/step1c/pages/00013.php",\N,\N
"2021-02-25 18:06:55","start","step1c",14,1526468,3,"/xmodal/step1c/pages/00014.php",\N,\N
"2021-02-25 18:06:56","start","step1c",15,3473408,3,"/xmodal/step1c/pages/00015.php",\N,\N
"2021-02-25 18:06:57","start","step1c",16,3868,3,"/xmodal/step1c/pages/00016.php",\N,\N
"2021-02-25 18:06:58","start","step1c",17,1574521,3,"/xmodal/step1c/pages/00017.php",\N,\N
"2021-02-25 18:06:59","start","step1c",16,3868,3,"/xmodal/step1c/pages/00016.php",\N,\N
"2021-02-25 18:07:23","start","step1c",17,1574521,3,"/xmodal/step1c/pages/00017.php",\N,\N
"2021-02-25 18:07:24","start","step1c",18,66374,3,"/xmodal/step1c/pages/00018.php",\N,\N
"2021-02-25 18:08:38","start","step1c",19,49963,3,"/xmodal/step1c/pages/00019.php",\N,\N
"2021-02-25 18:08:40","start","step1c",20,726401,3,"/xmodal/step1c/pages/00020.php",\N,\N
"2021-02-25 18:08:41","start","step1c",21,1129625,3,"/xmodal/step1c/pages/00021.php",\N,\N
"2021-02-25 18:08:41","start","step1c",22,48683,3,"/xmodal/step1c/pages/00022.php",\N,\N
"2021-02-25 18:08:42","start","step1c",23,339792,3,"/xmodal/step1c/pages/00023.php",\N,\N
"2021-02-25 18:08:43","start","step1c",24,206028,3,"/xmodal/step1c/pages/00024.php",\N,\N
"2021-02-25 18:08:44","start","step1c",25,84171,3,"/xmodal/step1c/pages/00025.php",\N,\N
"2021-02-25 18:08:45","start","step1c",26,330664,3,"/xmodal/step1c/pages/00026.php",\N,\N
"2021-02-25 18:08:46","start","step1c",27,2084777,3,"/xmodal/step1c/pages/00027.php",\N,\N
"2021-02-25 18:08:47","start","step1c",28,882315,3,"/xmodal/step1c/pages/00028.php",\N,\N
"2021-02-25 18:08:48","start","step1c",29,303258,3,"/xmodal/step1c/pages/00029.php",\N,\N
"2021-02-25 18:08:49","start","step1c",30,3300573,3,"/xmodal/step1c/pages/00030.php",\N,\N
"2021-02-25 18:08:50","start","step1c",31,27517,3,"/xmodal/step1c/pages/00031.php",\N,\N
"2021-02-25 18:08:53","start","step1c",32,656583,3,"/xmodal/step1c/pages/00032.php",\N,\N
"2021-02-25 18:08:54","start","step1c",33,1201201,3,"/xmodal/step1c/pages/00033.php",\N,\N
"2021-02-25 18:08:54","start","step1c",34,3495237,3,"/xmodal/step1c/pages/00034.php",\N,\N
"2021-02-25 18:08:55","start","step1c",35,3477098,3,"/xmodal/step1c/pages/00035.php",\N,\N
"2021-02-25 18:08:56","start","step1c",36,129146,3,"/xmodal/step1c/pages/00036.php",\N,\N
"2021-02-25 18:08:57","start","step1c",37,313101,3,"/xmodal/step1c/pages/00037.php",\N,\N
"2021-02-25 18:08:58","start","step1c",38,637009,3,"/xmodal/step1c/pages/00038.php",\N,\N
"2021-02-25 18:08:59","start","step1c",39,16740,3,"/xmodal/step1c/pages/00039.php",\N,\N
"2021-02-25 18:09:00","start","step1c",40,1609418,3,"/xmodal/step1c/pages/00040.php",\N,\N
"2021-02-25 18:09:01","start","step1c",41,47068,3,"/xmodal/step1c/pages/00041.php",\N,\N
"2021-02-25 18:09:02","start","step1c",42,3132446,3,"/xmodal/step1c/pages/00042.php",\N,\N
"2021-02-25 18:09:02","start","step1c",43,17297,3,"/xmodal/step1c/pages/00043.php",\N,\N
"2021-02-25 18:09:03","start","step1c",44,996280,3,"/xmodal/step1c/pages/00044.php",\N,\N
"2021-02-25 18:09:04","start","step1c",45,1334268,3,"/xmodal/step1c/pages/00045.php",\N,\N
"2021-02-25 18:09:05","start","step1c",46,1411825,3,"/xmodal/step1c/pages/00046.php",\N,\N
"2021-02-25 18:09:06","start","step1c",47,88243,3,"/xmodal/step1c/pages/00047.php",\N,\N
"2021-02-25 18:09:07","start","step1c",48,131143,3,"/xmodal/step1c/pages/00048.php",\N,\N
"2021-02-25 18:09:07","start","step1c",49,489104,3,"/xmodal/step1c/pages/00049.php",\N,\N
"2021-02-25 18:09:08","start","step1c",50,1760869,3,"/xmodal/step1c/pages/00050.php",\N,\N
"2021-02-25 18:09:09","start","step1c",51,185788,3,"/xmodal/step1c/pages/00051.php",\N,\N
"2021-02-25 18:09:10","start","step1c",52,57504,3,"/xmodal/step1c/pages/00052.php",\N,\N
"2021-02-25 18:09:11","start","step1c",53,3228741,3,"/xmodal/step1c/pages/00053.php",\N,\N
"2021-02-25 18:09:12","start","step1c",54,9270,3,"/xmodal/step1c/pages/00054.php",\N,\N
"2021-02-25 18:09:13","start","step1c",55,1408058,3,"/xmodal/step1c/pages/00055.php",\N,\N
"2021-02-25 18:09:13","start","step1c",56,74504,3,"/xmodal/step1c/pages/00056.php",\N,\N
"2021-02-25 18:09:14","start","step1c",57,127519,3,"/xmodal/step1c/pages/00057.php",\N,\N
"2021-02-25 18:09:15","start","step1c",58,1184418,3,"/xmodal/step1c/pages/00058.php",\N,\N
"2021-02-25 18:09:16","start","step1c",59,415761,3,"/xmodal/step1c/pages/00059.php",\N,\N
"2021-02-25 18:09:18","start","step1c",60,2607340,3,"/xmodal/step1c/pages/00060.php",\N,\N
"2021-02-25 18:09:19","start","step1c",61,410308,3,"/xmodal/step1c/pages/00061.php",\N,\N
"2021-02-25 18:09:20","start","step1c",62,1130023,3,"/xmodal/step1c/pages/00062.php",\N,\N
"2021-02-25 18:09:21","start","step1c",63,1318670,3,"/xmodal/step1c/pages/00063.php",\N,\N
"2021-02-25 18:09:23","start","step1c",64,2600192,3,"/xmodal/step1c/pages/00064.php",\N,\N
"2021-02-25 18:09:24","start","step1c",65,3046506,3,"/xmodal/step1c/pages/00065.php",\N,\N
"2021-02-25 18:09:25","start","step1c",66,358356,3,"/xmodal/step1c/pages/00066.php",\N,\N
"2021-02-25 18:09:26","start","step1c",67,493705,3,"/xmodal/step1c/pages/00067.php",\N,\N
"2021-02-25 18:09:26","start","step1c",68,916654,3,"/xmodal/step1c/pages/00068.php",\N,\N
"2021-02-25 18:09:27","start","step1c",69,668916,3,"/xmodal/step1c/pages/00069.php",\N,\N
"2021-02-25 18:09:28","start","step1c",70,1594927,3,"/xmodal/step1c/pages/00070.php",\N,\N
"2021-02-25 18:09:29","start","step1c",71,1214960,3,"/xmodal/step1c/pages/00071.php",\N,\N
"2021-02-25 18:09:30","start","step1c",72,322747,3,"/xmodal/step1c/pages/00072.php",\N,\N
"2021-02-25 18:09:30","start","step1c",73,509117,3,"/xmodal/step1c/pages/00073.php",\N,\N
"2021-02-25 18:09:31","start","step1c",74,2056992,3,"/xmodal/step1c/pages/00074.php",\N,\N
"2021-02-25 18:09:32","start","step1c",75,271762,3,"/xmodal/step1c/pages/00075.php",\N,\N
"2021-02-25 18:09:33","start","step1c",76,539226,3,"/xmodal/step1c/pages/00076.php",\N,\N
"2021-02-25 18:09:34","start","step1c",77,11706,3,"/xmodal/step1c/pages/00077.php",\N,\N
"2021-02-25 18:09:35","start","step1c",78,1615993,3,"/xmodal/step1c/pages/00078.php",\N,\N
"2021-02-25 18:09:35","start","step1c",79,2871342,3,"/xmodal/step1c/pages/00079.php",\N,\N
"2021-02-25 18:09:36","start","step1c",80,20955,3,"/xmodal/step1c/pages/00080.php",\N,\N
"2021-02-25 18:09:37","start","step1c",81,604428,3,"/xmodal/step1c/pages/00081.php",\N,\N
"2021-02-25 18:09:38","start","step1c",82,194746,3,"/xmodal/step1c/pages/00082.php",\N,\N
"2021-02-25 18:09:39","start","step1c",83,1117516,3,"/xmodal/step1c/pages/00083.php",\N,\N
"2021-02-25 18:09:39","start","step1c",84,3518982,3,"/xmodal/step1c/pages/00084.php",\N,\N
"2021-02-25 18:09:40","start","step1c",85,395822,3,"/xmodal/step1c/pages/00085.php",\N,\N
"2021-02-25 18:09:42","start","step1c",86,3475262,3,"/xmodal/step1c/pages/00086.php",\N,\N
"2021-02-25 18:09:43","start","step1c",87,50950,3,"/xmodal/step1c/pages/00087.php",\N,\N
"2021-02-25 18:09:44","start","step1c",88,69019,3,"/xmodal/step1c/pages/00088.php",\N,\N
"2021-02-25 18:09:45","start","step1c",89,53733,3,"/xmodal/step1c/pages/00089.php",\N,\N
"2021-02-25 18:09:45","start","step1c",90,55784,3,"/xmodal/step1c/pages/00090.php",\N,\N
"2021-02-25 18:09:46","start","step1c",91,927807,3,"/xmodal/step1c/pages/00091.php",\N,\N
"2021-02-25 18:09:47","start","step1c",92,283461,3,"/xmodal/step1c/pages/00092.php",\N,\N
"2021-02-25 18:09:48","start","step1c",93,2460204,3,"/xmodal/step1c/pages/00093.php",\N,\N
"2021-02-25 18:09:49","start","step1c",94,46691,3,"/xmodal/step1c/pages/00094.php",\N,\N
"2021-02-25 18:20:42","stop","step1c",94,46691,3,"/xmodal/step1c/pages/00094.php",\N,\N
"2021-02-26 10:17:26","start","step1a",1,3477098,1,"/xmodal/step1a/pages/00001.php",\N,\N
"2021-02-26 10:17:49","save_next","step1a",1,3477098,1,"/xmodal/step1a/pages/00001.php","1.7.17.0",20
"2021-02-26 10:17:49","start","step1a",2,129146,1,"/xmodal/step1a/pages/00002.php",\N,\N
"2021-02-26 10:18:31","save_next","step1a",2,129146,1,"/xmodal/step1a/pages/00002.php","0",20
"2021-02-26 10:18:31","start","step1a",3,313101,1,"/xmodal/step1a/pages/00003.php",\N,\N
"2021-02-26 10:19:33","save_next","step1a",3,313101,1,"/xmodal/step1a/pages/00003.php","0",30
"2021-02-26 10:19:33","start","step1a",4,637009,1,"/xmodal/step1a/pages/00004.php",\N,\N
"2021-02-26 10:19:53","save_next","step1a",4,637009,1,"/xmodal/step1a/pages/00004.php","0",20
"2021-02-26 10:19:53","start","step1a",5,16740,1,"/xmodal/step1a/pages/00005.php",\N,\N
"2021-02-26 10:20:11","save_next","step1a",5,16740,1,"/xmodal/step1a/pages/00005.php","1.6.0",20
"2021-02-26 10:20:11","start","step1a",6,1609418,1,"/xmodal/step1a/pages/00006.php",\N,\N
"2021-02-26 10:20:26","save_next","step1a",6,1609418,1,"/xmodal/step1a/pages/00006.php","1.4.7.4",20
"2021-02-26 10:20:27","start","step1a",7,47068,1,"/xmodal/step1a/pages/00007.php",\N,\N
"2021-02-26 10:20:42","save_next","step1a",7,47068,1,"/xmodal/step1a/pages/00007.php","1.7.23.1",20
"2021-02-26 10:20:42","start","step1a",8,3132446,1,"/xmodal/step1a/pages/00008.php",\N,\N
"2021-02-26 10:21:26","save_next","step1a",8,3132446,1,"/xmodal/step1a/pages/00008.php","1.10.4.9",20
"2021-02-26 10:21:26","start","step1a",9,17297,1,"/xmodal/step1a/pages/00009.php",\N,\N
"2021-02-26 10:21:42","save_next","step1a",9,17297,1,"/xmodal/step1a/pages/00009.php","0",20
"2021-02-26 10:21:42","start","step1a",10,996280,1,"/xmodal/step1a/pages/00010.php",\N,\N
"2021-02-26 10:22:22","save_next","step1a",10,996280,1,"/xmodal/step1a/pages/00010.php","1.7.0",30
"2021-02-26 10:22:22","start","step1a",11,1334268,1,"/xmodal/step1a/pages/00011.php",\N,\N
"2021-02-26 10:22:39","save_next","step1a",11,1334268,1,"/xmodal/step1a/pages/00011.php","1.6.6.4",10
"2021-02-26 10:22:39","start","step1a",12,1411825,1,"/xmodal/step1a/pages/00012.php",\N,\N
"2021-02-26 10:22:56","save_next","step1a",12,1411825,1,"/xmodal/step1a/pages/00012.php","1.7.0",20
"2021-02-26 10:22:56","start","step1a",13,88243,1,"/xmodal/step1a/pages/00013.php",\N,\N
"2021-02-26 10:23:41","save_next","step1a",13,88243,1,"/xmodal/step1a/pages/00013.php","1.4.0",20
"2021-02-26 10:23:41","start","step1a",14,131143,1,"/xmodal/step1a/pages/00014.php",\N,\N
"2021-02-26 10:24:22","save_next","step1a",14,131143,1,"/xmodal/step1a/pages/00014.php","1.5.0",20
"2021-02-26 10:24:22","start","step1a",15,489104,1,"/xmodal/step1a/pages/00015.php",\N,\N
"2021-02-26 10:24:41","save_next","step1a",15,489104,1,"/xmodal/step1a/pages/00015.php","1.9.3.0",20
"2021-02-26 10:24:41","start","step1a",16,1760869,1,"/xmodal/step1a/pages/00016.php",\N,\N
"2021-02-26 10:25:05","save_next","step1a",16,1760869,1,"/xmodal/step1a/pages/00016.php","1.6.0",20
"2021-02-26 10:25:05","start","step1a",17,185788,1,"/xmodal/step1a/pages/00017.php",\N,\N
"2021-02-26 10:25:32","save_next","step1a",17,185788,1,"/xmodal/step1a/pages/00017.php","1.6.4.1",20
"2021-02-26 10:25:32","start","step1a",18,57504,1,"/xmodal/step1a/pages/00018.php",\N,\N
"2021-02-26 10:25:44","save_next","step1a",18,57504,1,"/xmodal/step1a/pages/00018.php","0",10
"2021-02-26 10:25:44","start","step1a",19,3228741,1,"/xmodal/step1a/pages/00019.php",\N,\N
"2021-02-26 10:25:58","save_next","step1a",19,3228741,1,"/xmodal/step1a/pages/00019.php","1.3.1",10
"2021-02-26 10:25:58","start","step1a",20,9270,1,"/xmodal/step1a/pages/00020.php",\N,\N
"2021-02-26 10:26:15","save_next","step1a",20,9270,1,"/xmodal/step1a/pages/00020.php","1.5.2.1",10
"2021-02-26 10:26:15","start","step1a",21,1408058,1,"/xmodal/step1a/pages/00021.php",\N,\N
"2021-02-26 10:26:40","save_next","step1a",21,1408058,1,"/xmodal/step1a/pages/00021.php","0",20
"2021-02-26 10:26:40","start","step1a",22,74504,1,"/xmodal/step1a/pages/00022.php",\N,\N
"2021-02-26 10:26:52","save_next","step1a",22,74504,1,"/xmodal/step1a/pages/00022.php","1.7.19.6",10
"2021-02-26 10:26:52","start","step1a",23,127519,1,"/xmodal/step1a/pages/00023.php",\N,\N
"2021-02-26 10:27:22","save_next","step1a",23,127519,1,"/xmodal/step1a/pages/00023.php","1.6.4.18",20
"2021-02-26 10:27:22","start","step1a",24,1184418,1,"/xmodal/step1a/pages/00024.php",\N,\N
"2021-02-26 10:27:36","save_next","step1a",24,1184418,1,"/xmodal/step1a/pages/00024.php","0",10
"2021-02-26 10:27:36","start","step1a",25,415761,1,"/xmodal/step1a/pages/00025.php",\N,\N
"2021-02-26 10:27:45","save_next","step1a",25,415761,1,"/xmodal/step1a/pages/00025.php","1.6.2",10
"2021-02-26 10:27:45","start","step1a",26,2607340,1,"/xmodal/step1a/pages/00026.php",\N,\N
"2021-02-26 10:32:18","save_next","step1a",26,2607340,1,"/xmodal/step1a/pages/00026.php","1.6.4.10",30
"2021-02-26 10:32:18","start","step1a",27,410308,1,"/xmodal/step1a/pages/00027.php",\N,\N
"2021-02-26 10:32:45","save_next","step1a",27,410308,1,"/xmodal/step1a/pages/00027.php","1.6.6.5",20
"2021-02-26 10:32:45","start","step1a",28,1130023,1,"/xmodal/step1a/pages/00028.php",\N,\N
"2021-02-26 10:32:59","save_next","step1a",28,1130023,1,"/xmodal/step1a/pages/00028.php","1.5.3.4",20
"2021-02-26 10:32:59","start","step1a",29,1318670,1,"/xmodal/step1a/pages/00029.php",\N,\N
"2021-02-26 10:33:12","save_next","step1a",29,1318670,1,"/xmodal/step1a/pages/00029.php","1.6.5.4",20
"2021-02-26 10:33:12","start","step1a",30,2600192,1,"/xmodal/step1a/pages/00030.php",\N,\N
"2021-02-26 10:33:32","save_next","step1a",30,2600192,1,"/xmodal/step1a/pages/00030.php","1.6.6.0",20
"2021-02-26 10:33:32","start","step1a",31,3046506,1,"/xmodal/step1a/pages/00031.php",\N,\N
"2021-02-26 10:34:16","save_next","step1a",31,3046506,1,"/xmodal/step1a/pages/00031.php","1.4.7.2",30
"2021-02-26 10:34:16","start","step1a",32,358356,1,"/xmodal/step1a/pages/00032.php",\N,\N
"2021-02-26 10:34:33","save_next","step1a",32,358356,1,"/xmodal/step1a/pages/00032.php","1.7.21.7",20
"2021-02-26 10:34:33","start","step1a",33,493705,1,"/xmodal/step1a/pages/00033.php",\N,\N
"2021-02-26 10:34:46","save_next","step1a",33,493705,1,"/xmodal/step1a/pages/00033.php","1.6.4.9",10
"2021-02-26 10:34:46","start","step1a",34,916654,1,"/xmodal/step1a/pages/00034.php",\N,\N
"2021-02-26 10:35:22","save_next","step1a",34,916654,1,"/xmodal/step1a/pages/00034.php","1.7.20.0",20
"2021-02-26 10:35:22","start","step1a",35,668916,1,"/xmodal/step1a/pages/00035.php",\N,\N
"2021-02-26 10:35:42","save_next","step1a",35,668916,1,"/xmodal/step1a/pages/00035.php","0",20
"2021-02-26 10:35:42","start","step1a",36,1594927,1,"/xmodal/step1a/pages/00036.php",\N,\N
"2021-02-26 10:35:58","save_next","step1a",36,1594927,1,"/xmodal/step1a/pages/00036.php","1.7.20.1",10
"2021-02-26 10:35:58","start","step1a",37,1214960,1,"/xmodal/step1a/pages/00037.php",\N,\N
"2021-02-26 10:36:09","save_next","step1a",37,1214960,1,"/xmodal/step1a/pages/00037.php","1.6.4.12",10
"2021-02-26 10:36:09","start","step1a",38,322747,1,"/xmodal/step1a/pages/00038.php",\N,\N
"2021-02-26 10:36:19","save_next","step1a",38,322747,1,"/xmodal/step1a/pages/00038.php","1.12.0",10
"2021-02-26 10:36:19","start","step1a",39,509117,1,"/xmodal/step1a/pages/00039.php",\N,\N
"2021-02-26 10:36:43","save_next","step1a",39,509117,1,"/xmodal/step1a/pages/00039.php","1.10.4.5",20
"2021-02-26 10:36:44","start","step1a",40,2056992,1,"/xmodal/step1a/pages/00040.php",\N,\N
"2021-02-26 10:36:56","save_next","step1a",40,2056992,1,"/xmodal/step1a/pages/00040.php","1.7.4",20
"2021-02-26 10:36:56","start","step1a",41,271762,1,"/xmodal/step1a/pages/00041.php",\N,\N
"2021-02-26 10:39:59","save_next","step1a",41,271762,1,"/xmodal/step1a/pages/00041.php","1.4.5.0",30
"2021-02-26 10:39:59","start","step1a",42,539226,1,"/xmodal/step1a/pages/00042.php",\N,\N
"2021-02-26 10:40:22","save_next","step1a",42,539226,1,"/xmodal/step1a/pages/00042.php","1.6.6.0",10
"2021-02-26 10:40:22","start","step1a",43,11706,1,"/xmodal/step1a/pages/00043.php",\N,\N
"2021-02-26 10:41:05","save_next","step1a",43,11706,1,"/xmodal/step1a/pages/00043.php","0",30
"2021-02-26 10:41:05","start","step1a",44,1615993,1,"/xmodal/step1a/pages/00044.php",\N,\N
"2021-02-26 10:41:26","save_next","step1a",44,1615993,1,"/xmodal/step1a/pages/00044.php","1.6.4.16",10
"2021-02-26 10:41:26","start","step1a",45,2871342,1,"/xmodal/step1a/pages/00045.php",\N,\N
"2021-02-26 10:41:46","save_next","step1a",45,2871342,1,"/xmodal/step1a/pages/00045.php","1.6.3.0",20
"2021-02-26 10:41:46","start","step1a",46,20955,1,"/xmodal/step1a/pages/00046.php",\N,\N
"2021-02-26 10:41:56","save_next","step1a",46,20955,1,"/xmodal/step1a/pages/00046.php","1.5.4.3",10
"2021-02-26 10:41:56","start","step1a",47,604428,1,"/xmodal/step1a/pages/00047.php",\N,\N
"2021-02-26 10:42:17","save_next","step1a",47,604428,1,"/xmodal/step1a/pages/00047.php","1.7.15.0",10
"2021-02-26 10:42:18","start","step1a",48,194746,1,"/xmodal/step1a/pages/00048.php",\N,\N
"2021-02-26 10:42:38","save_next","step1a",48,194746,1,"/xmodal/step1a/pages/00048.php","1.5.4.3",10
"2021-02-26 10:42:38","start","step1a",49,1117516,1,"/xmodal/step1a/pages/00049.php",\N,\N
"2021-02-26 10:43:06","save_next","step1a",49,1117516,1,"/xmodal/step1a/pages/00049.php","1.6.4.12",20
"2021-02-26 10:43:06","start","step1a",50,3518982,1,"/xmodal/step1a/pages/00050.php",\N,\N
"2021-02-26 10:43:35","save_next","step1a",50,3518982,1,"/xmodal/step1a/pages/00050.php","1.6.4.12",20
"2021-02-26 10:43:35","start","step1a",51,395822,1,"/xmodal/step1a/pages/00051.php",\N,\N
"2021-02-26 10:44:03","save_next","step1a",51,395822,1,"/xmodal/step1a/pages/00051.php","1.7.22.1",30
"2021-02-26 10:44:04","start","step1a",52,3475262,1,"/xmodal/step1a/pages/00052.php",\N,\N
"2021-02-26 10:44:24","save_next","step1a",52,3475262,1,"/xmodal/step1a/pages/00052.php","1.9.3.2",20
"2021-02-26 10:44:24","start","step1a",53,50950,1,"/xmodal/step1a/pages/00053.php",\N,\N
"2021-02-26 10:45:24","save_next","step1a",53,50950,1,"/xmodal/step1a/pages/00053.php","1.6.4.8",20
"2021-02-26 10:45:24","start","step1a",54,69019,1,"/xmodal/step1a/pages/00054.php",\N,\N
"2021-02-26 10:45:44","save_next","step1a",54,69019,1,"/xmodal/step1a/pages/00054.php","1.10.5.0",10
"2021-02-26 10:45:44","start","step1a",55,53733,1,"/xmodal/step1a/pages/00055.php",\N,\N
"2021-02-26 10:46:09","save_next","step1a",55,53733,1,"/xmodal/step1a/pages/00055.php","1.5.3.6",10
"2021-02-26 10:46:09","start","step1a",56,55784,1,"/xmodal/step1a/pages/00056.php",\N,\N
"2021-02-26 10:46:30","save_next","step1a",56,55784,1,"/xmodal/step1a/pages/00056.php","1.6.4.3",20
"2021-02-26 10:46:30","start","step1a",57,927807,1,"/xmodal/step1a/pages/00057.php",\N,\N
"2021-02-26 10:46:44","save_next","step1a",57,927807,1,"/xmodal/step1a/pages/00057.php","1.4.6.2",20
"2021-02-26 10:46:44","start","step1a",58,283461,1,"/xmodal/step1a/pages/00058.php",\N,\N
"2021-02-26 10:46:59","save_next","step1a",58,283461,1,"/xmodal/step1a/pages/00058.php","1.4.0",20
"2021-02-26 10:46:59","start","step1a",59,2460204,1,"/xmodal/step1a/pages/00059.php",\N,\N
"2021-02-26 10:47:10","save_next","step1a",59,2460204,1,"/xmodal/step1a/pages/00059.php","1.5.4.0",10
"2021-02-26 10:47:10","start","step1a",60,46691,1,"/xmodal/step1a/pages/00060.php",\N,\N
"2021-02-26 10:47:23","save_next","step1a",60,46691,1,"/xmodal/step1a/pages/00060.php","1.10.2",20
"2021-02-26 10:47:23","start","step1a",61,653221,1,"/xmodal/step1a/pages/00061.php",\N,\N
"2021-02-26 10:47:39","save_next","step1a",61,653221,1,"/xmodal/step1a/pages/00061.php","1.9.1.0",20
"2021-02-26 10:47:39","start","step1a",62,2296052,1,"/xmodal/step1a/pages/00062.php",\N,\N
"2021-02-26 10:48:06","save_next","step1a",62,2296052,1,"/xmodal/step1a/pages/00062.php","1.5.0",20
"2021-02-26 10:48:06","start","step1a",63,8742,1,"/xmodal/step1a/pages/00063.php",\N,\N
"2021-02-26 10:48:19","save_next","step1a",63,8742,1,"/xmodal/step1a/pages/00063.php","1.5.3.6",10
"2021-02-26 10:48:19","start","step1a",64,2640145,1,"/xmodal/step1a/pages/00064.php",\N,\N
"2021-02-26 10:48:30","save_next","step1a",64,2640145,1,"/xmodal/step1a/pages/00064.php","1.10.4.0",20
"2021-02-26 10:48:30","start","step1a",65,2060047,1,"/xmodal/step1a/pages/00065.php",\N,\N
"2021-02-26 10:48:48","save_next","step1a",65,2060047,1,"/xmodal/step1a/pages/00065.php","0",20
"2021-02-26 10:48:48","start","step1a",66,1376540,1,"/xmodal/step1a/pages/00066.php",\N,\N
"2021-02-26 10:48:57","save_next","step1a",66,1376540,1,"/xmodal/step1a/pages/00066.php","1.10.3",10
"2021-02-26 10:48:57","start","step1a",67,1289699,1,"/xmodal/step1a/pages/00067.php",\N,\N
"2021-02-26 10:49:38","save_next","step1a",67,1289699,1,"/xmodal/step1a/pages/00067.php","1.7.24.1",20
"2021-02-26 10:49:39","start","step1a",68,177599,1,"/xmodal/step1a/pages/00068.php",\N,\N
"2021-02-26 10:50:00","save_next","step1a",68,177599,1,"/xmodal/step1a/pages/00068.php","1.4.0",30
"2021-02-26 10:50:01","start","step1a",69,1728117,1,"/xmodal/step1a/pages/00069.php",\N,\N
"2021-02-26 10:50:25","save_next","step1a",69,1728117,1,"/xmodal/step1a/pages/00069.php","1.10.4.1",20
"2021-02-26 10:50:25","start","step1a",70,9878,1,"/xmodal/step1a/pages/00070.php",\N,\N
"2021-02-26 10:50:49","save_next","step1a",70,9878,1,"/xmodal/step1a/pages/00070.php","0",30
"2021-02-26 10:50:49","start","step1a",71,34961,1,"/xmodal/step1a/pages/00071.php",\N,\N
"2021-02-26 10:57:37","save_next","step1a",71,34961,1,"/xmodal/step1a/pages/00071.php","0",30
"2021-02-26 10:57:37","start","step1a",72,268897,1,"/xmodal/step1a/pages/00072.php",\N,\N
"2021-02-26 10:57:46","save_next","step1a",72,268897,1,"/xmodal/step1a/pages/00072.php","1.6.6.6",10
"2021-02-26 10:57:46","start","step1a",73,633101,1,"/xmodal/step1a/pages/00073.php",\N,\N
"2021-02-26 10:58:03","save_next","step1a",73,633101,1,"/xmodal/step1a/pages/00073.php","1.7.22.1",20
"2021-02-26 10:58:03","start","step1a",74,2361767,1,"/xmodal/step1a/pages/00074.php",\N,\N
"2021-02-26 10:58:20","save_next","step1a",74,2361767,1,"/xmodal/step1a/pages/00074.php","1.7.19.1",20
"2021-02-26 10:58:20","start","step1a",75,2644184,1,"/xmodal/step1a/pages/00075.php",\N,\N
"2021-02-26 10:58:43","save_next","step1a",75,2644184,1,"/xmodal/step1a/pages/00075.php","1.6.0",30
"2021-02-26 10:58:43","start","step1a",76,83521,1,"/xmodal/step1a/pages/00076.php",\N,\N
"2021-02-26 10:59:31","save_next","step1a",76,83521,1,"/xmodal/step1a/pages/00076.php","9",30
"2021-02-26 10:59:31","start","step1a",77,3749410,1,"/xmodal/step1a/pages/00077.php",\N,\N
"2021-02-26 10:59:53","save_next","step1a",77,3749410,1,"/xmodal/step1a/pages/00077.php","1.4.0",20
"2021-02-26 10:59:53","start","step1a",78,2863032,1,"/xmodal/step1a/pages/00078.php",\N,\N
"2021-02-26 11:00:13","save_next","step1a",78,2863032,1,"/xmodal/step1a/pages/00078.php","1.8.1",20
"2021-02-26 11:00:13","start","step1a",79,1760294,1,"/xmodal/step1a/pages/00079.php",\N,\N
"2021-02-26 11:00:36","save_next","step1a",79,1760294,1,"/xmodal/step1a/pages/00079.php","1.7.9",30
"2021-02-26 11:00:36","start","step1a",80,1526468,1,"/xmodal/step1a/pages/00080.php",\N,\N
"2021-02-26 11:00:59","save_next","step1a",80,1526468,1,"/xmodal/step1a/pages/00080.php","1.4.7.0",30
"2021-02-26 11:00:59","start","step1a",81,3473408,1,"/xmodal/step1a/pages/00081.php",\N,\N
"2021-02-26 11:01:24","save_next","step1a",81,3473408,1,"/xmodal/step1a/pages/00081.php","1.9.3.0",20
"2021-02-26 11:01:24","start","step1a",82,3868,1,"/xmodal/step1a/pages/00082.php",\N,\N
"2021-02-26 11:02:21","save_next","step1a",82,3868,1,"/xmodal/step1a/pages/00082.php","1.7.24.1",30
"2021-02-26 11:02:21","start","step1a",83,1574521,1,"/xmodal/step1a/pages/00083.php",\N,\N
"2021-02-26 11:02:39","save_next","step1a",83,1574521,1,"/xmodal/step1a/pages/00083.php","1.9.1.0",20
"2021-02-26 11:02:39","start","step1a",84,66374,1,"/xmodal/step1a/pages/00084.php",\N,\N
"2021-02-26 11:02:58","save_next","step1a",84,66374,1,"/xmodal/step1a/pages/00084.php","1.9.3.0",30
"2021-02-26 11:02:58","start","step1a",85,49963,1,"/xmodal/step1a/pages/00085.php",\N,\N
"2021-02-26 11:03:20","save_next","step1a",85,49963,1,"/xmodal/step1a/pages/00085.php","1.7.24.0",20
"2021-02-26 11:03:20","start","step1a",86,726401,1,"/xmodal/step1a/pages/00086.php",\N,\N
"2021-02-26 11:03:47","save_next","step1a",86,726401,1,"/xmodal/step1a/pages/00086.php","1.7.13",30
"2021-02-26 11:03:47","start","step1a",87,1129625,1,"/xmodal/step1a/pages/00087.php",\N,\N
"2021-02-26 11:04:11","save_next","step1a",87,1129625,1,"/xmodal/step1a/pages/00087.php","1.7.21.1",20
"2021-02-26 11:04:11","start","step1a",88,48683,1,"/xmodal/step1a/pages/00088.php",\N,\N
"2021-02-26 11:04:36","save_next","step1a",88,48683,1,"/xmodal/step1a/pages/00088.php","1.7.25.1",30
"2021-02-26 11:04:36","start","step1a",89,339792,1,"/xmodal/step1a/pages/00089.php",\N,\N
"2021-02-26 11:04:58","save_next","step1a",89,339792,1,"/xmodal/step1a/pages/00089.php","1.7.21.6",30
"2021-02-26 11:04:58","start","step1a",90,206028,1,"/xmodal/step1a/pages/00090.php",\N,\N
"2021-02-26 11:05:10","save_next","step1a",90,206028,1,"/xmodal/step1a/pages/00090.php","1.7.2",10
"2021-02-26 11:05:10","start","step1a",91,84171,1,"/xmodal/step1a/pages/00091.php",\N,\N
"2021-02-26 11:05:19","save_next","step1a",91,84171,1,"/xmodal/step1a/pages/00091.php","1.10.4.3",10
"2021-02-26 11:05:19","start","step1a",92,330664,1,"/xmodal/step1a/pages/00092.php",\N,\N
"2021-02-26 11:05:33","save_next","step1a",92,330664,1,"/xmodal/step1a/pages/00092.php","1.6.4.8",20
"2021-02-26 11:05:33","start","step1a",93,2084777,1,"/xmodal/step1a/pages/00093.php",\N,\N
"2021-02-26 11:06:00","save_next","step1a",93,2084777,1,"/xmodal/step1a/pages/00093.php","1.5.1.0",20
"2021-02-26 11:06:00","start","step1a",94,882315,1,"/xmodal/step1a/pages/00094.php",\N,\N
"2021-02-26 11:06:10","save_next","step1a",94,882315,1,"/xmodal/step1a/pages/00094.php","0",10
"2021-02-26 11:06:10","start","step1a",95,303258,1,"/xmodal/step1a/pages/00095.php",\N,\N
"2021-02-26 11:06:21","save_next","step1a",95,303258,1,"/xmodal/step1a/pages/00095.php","1.4.0",10
"2021-02-26 11:06:21","start","step1a",96,3300573,1,"/xmodal/step1a/pages/00096.php",\N,\N
"2021-02-26 11:07:17","save_next","step1a",96,3300573,1,"/xmodal/step1a/pages/00096.php","1.4.7.0",30
"2021-02-26 11:07:17","start","step1a",97,27517,1,"/xmodal/step1a/pages/00097.php",\N,\N
"2021-02-26 11:07:33","save_next","step1a",97,27517,1,"/xmodal/step1a/pages/00097.php","0",20
"2021-02-26 11:07:34","start","step1a",98,656583,1,"/xmodal/step1a/pages/00098.php",\N,\N
"2021-02-26 11:07:49","save_next","step1a",98,656583,1,"/xmodal/step1a/pages/00098.php","1.10.4.4",10
"2021-02-26 11:07:49","start","step1a",99,1201201,1,"/xmodal/step1a/pages/00099.php",\N,\N
"2021-02-26 11:08:07","save_next","step1a",99,1201201,1,"/xmodal/step1a/pages/00099.php","1.7.3",20
"2021-02-26 11:08:07","start","step1a",100,3495237,1,"/xmodal/step1a/pages/00100.php",\N,\N
"2021-02-26 11:08:22","save_next","step1a",100,3495237,1,"/xmodal/step1a/pages/00100.php","1.7.17.0",20
